{
  "markets": [
    {
      "name": "Azadpur",
      "state": "Delhi",
      "district": "North Delhi"
    },
    {
      "name": "Anaj Mandi",
      "state": "Delhi",
      "district": "Central Delhi"
    },
    {
      "name": "Ghazipur",
      "state": "Delhi",
      "district": "East Delhi"
    },
    {
      "name": "Mumbai (Dadar)",
      "state": "Maharashtra",
      "district": "Mumbai"
    },
    {
      "name": "Pune",
      "state": "Maharashtra",
      "district": "Pune"
    },
    {
      "name": "Nashik",
      "state": "Maharashtra",
      "district": "Nashik"
    },
    {
      "name": "Nagpur",
      "state": "Maharashtra",
      "district": "Nagpur"
    },
    {
      "name": "Aurangabad",
      "state": "Maharashtra",
      "district": "Aurangabad"
    },
    {
      "name": "Bangalore",
      "state": "Karnataka",
      "district": "Bangalore Urban"
    },
    {
      "name": "Mysore",
      "state": "Karnataka",
      "district": "Mysore"
    },
    {
      "name": "Hubli",
      "state": "Karnataka",
      "district": "Dharwad"
    },
    {
      "name": "Belgaum",
      "state": "Karnataka",
      "district": "Belgaum"
    },
    {
      "name": "Chennai",
      "state": "Tamil Nadu",
      "district": "Chennai"
    },
    {
      "name": "Coimbatore",
      "state": "Tamil Nadu",
      "district": "Coimbatore"
    },
    {
      "name": "Madurai",
      "state": "Tamil Nadu",
      "district": "Madurai"
    },
    {
      "name": "Salem",
      "state": "Tamil Nadu",
      "district": "Salem"
    },
    {
      "name": "Hyderabad",
      "state": "Telangana",
      "district": "Hyderabad"
    },
    {
      "name": "Warangal",
      "state": "Telangana",
      "district": "Warangal"
    },
    {
      "name": "Nizamabad",
      "state": "Telangana",
      "district": "Nizamabad"
    },
    {
      "name": "Kolkata",
      "state": "West Bengal",
      "district": "Kolkata"
    },
    {
      "name": "Siliguri",
      "state": "West Bengal",
      "district": "Darjeeling"
    },
    {
      "name": "Durgapur",
      "state": "West Bengal",
      "district": "Paschim Bardhaman"
    },
    {
      "name": "Jaipur",
      "state": "Rajasthan",
      "district": "Jaipur"
    },
    {
      "name": "Jodhpur",
      "state": "Rajasthan",
      "district": "Jodhpur"
    },
    {
      "name": "Kota",
      "state": "Rajasthan",
      "district": "Kota"
    },
    {
      "name": "Udaipur",
      "state": "Rajasthan",
      "district": "Udaipur"
    },
    {
      "name": "Lucknow",
      "state": "Uttar Pradesh",
      "district": "Lucknow"
    },
    {
      "name": "Kanpur",
      "state": "Uttar Pradesh",
      "district": "Kanpur"
    },
    {
      "name": "Agra",
      "state": "Uttar Pradesh",
      "district": "Agra"
    },
    {
      "name": "Varanasi",
      "state": "Uttar Pradesh",
      "district": "Varanasi"
    },
    {
      "name": "Meerut",
      "state": "Uttar Pradesh",
      "district": "Meerut"
    },
    {
      "name": "Ahmedabad",
      "state": "Gujarat",
      "district": "Ahmedabad"
    },
    {
      "name": "Surat",
      "state": "Gujarat",
      "district": "Surat"
    },
    {
      "name": "Vadodara",
      "state": "Gujarat",
      "district": "Vadodara"
    },
    {
      "name": "Rajkot",
      "state": "Gujarat",
      "district": "Rajkot"
    },
    {
      "name": "Chandigarh",
      "state": "Chandigarh",
      "district": "Chandigarh"
    },
    {
      "name": "Ludhiana",
      "state": "Punjab",
      "district": "Ludhiana"
    },
    {
      "name": "Amritsar",
      "state": "Punjab",
      "district": "Amritsar"
    },
    {
      "name": "Jalandhar",
      "state": "Punjab",
      "district": "Jalandhar"
    },
    {
      "name": "Bhopal",
      "state": "Madhya Pradesh",
      "district": "Bhopal"
    },
    {
      "name": "Indore",
      "state": "Madhya Pradesh",
      "district": "Indore"
    },
    {
      "name": "Gwalior",
      "state": "Madhya Pradesh",
      "district": "Gwalior"
    },
    {
      "name": "Jabalpur",
      "state": "Madhya Pradesh",
      "district": "Jabalpur"
    }
  ],
  "scraped_at": "20260204_143004"
}